title,link
A Light in the ...,https://books.toscrape.com/catalogue/a-light-in-the-attic_1000/index.html
Tipping the Velvet,https://books.toscrape.com/catalogue/tipping-the-velvet_999/index.html
Soumission,https://books.toscrape.com/catalogue/soumission_998/index.html
Sharp Objects,https://books.toscrape.com/catalogue/sharp-objects_997/index.html
Sapiens: A Brief History ...,https://books.toscrape.com/catalogue/sapiens-a-brief-history-of-humankind_996/index.html
The Requiem Red,https://books.toscrape.com/catalogue/the-requiem-red_995/index.html
The Dirty Little Secrets ...,https://books.toscrape.com/catalogue/the-dirty-little-secrets-of-getting-your-dream-job_994/index.html
The Coming Woman: A ...,https://books.toscrape.com/catalogue/the-coming-woman-a-novel-based-on-the-life-of-the-infamous-feminist-victoria-woodhull_993/index.html
The Boys in the ...,https://books.toscrape.com/catalogue/the-boys-in-the-boat-nine-americans-and-their-epic-quest-for-gold-at-the-1936-berlin-olympics_992/index.html
The Black Maria,https://books.toscrape.com/catalogue/the-black-maria_991/index.html
Starving Hearts (Triangular Trade ...,https://books.toscrape.com/catalogue/starving-hearts-triangular-trade-trilogy-1_990/index.html
Shakespeare's Sonnets,https://books.toscrape.com/catalogue/shakespeares-sonnets_989/index.html
Set Me Free,https://books.toscrape.com/catalogue/set-me-free_988/index.html
Scott Pilgrim's Precious Little ...,https://books.toscrape.com/catalogue/scott-pilgrims-precious-little-life-scott-pilgrim-1_987/index.html
Rip it Up and ...,https://books.toscrape.com/catalogue/rip-it-up-and-start-again_986/index.html
Our Band Could Be ...,https://books.toscrape.com/catalogue/our-band-could-be-your-life-scenes-from-the-american-indie-underground-1981-1991_985/index.html
Olio,https://books.toscrape.com/catalogue/olio_984/index.html
Mesaerion: The Best Science ...,https://books.toscrape.com/catalogue/mesaerion-the-best-science-fiction-stories-1800-1849_983/index.html
Libertarianism for Beginners,https://books.toscrape.com/catalogue/libertarianism-for-beginners_982/index.html
It's Only the Himalayas,https://books.toscrape.com/catalogue/its-only-the-himalayas_981/index.html
title,link
A Light in the ...,https://books.toscrape.com/catalogue/a-light-in-the-attic_1000/index.html
Tipping the Velvet,https://books.toscrape.com/catalogue/tipping-the-velvet_999/index.html
Soumission,https://books.toscrape.com/catalogue/soumission_998/index.html
Sharp Objects,https://books.toscrape.com/catalogue/sharp-objects_997/index.html
Sapiens: A Brief History ...,https://books.toscrape.com/catalogue/sapiens-a-brief-history-of-humankind_996/index.html
The Requiem Red,https://books.toscrape.com/catalogue/the-requiem-red_995/index.html
The Dirty Little Secrets ...,https://books.toscrape.com/catalogue/the-dirty-little-secrets-of-getting-your-dream-job_994/index.html
The Coming Woman: A ...,https://books.toscrape.com/catalogue/the-coming-woman-a-novel-based-on-the-life-of-the-infamous-feminist-victoria-woodhull_993/index.html
The Boys in the ...,https://books.toscrape.com/catalogue/the-boys-in-the-boat-nine-americans-and-their-epic-quest-for-gold-at-the-1936-berlin-olympics_992/index.html
The Black Maria,https://books.toscrape.com/catalogue/the-black-maria_991/index.html
Starving Hearts (Triangular Trade ...,https://books.toscrape.com/catalogue/starving-hearts-triangular-trade-trilogy-1_990/index.html
Shakespeare's Sonnets,https://books.toscrape.com/catalogue/shakespeares-sonnets_989/index.html
Set Me Free,https://books.toscrape.com/catalogue/set-me-free_988/index.html
Scott Pilgrim's Precious Little ...,https://books.toscrape.com/catalogue/scott-pilgrims-precious-little-life-scott-pilgrim-1_987/index.html
Rip it Up and ...,https://books.toscrape.com/catalogue/rip-it-up-and-start-again_986/index.html
Our Band Could Be ...,https://books.toscrape.com/catalogue/our-band-could-be-your-life-scenes-from-the-american-indie-underground-1981-1991_985/index.html
Olio,https://books.toscrape.com/catalogue/olio_984/index.html
Mesaerion: The Best Science ...,https://books.toscrape.com/catalogue/mesaerion-the-best-science-fiction-stories-1800-1849_983/index.html
Libertarianism for Beginners,https://books.toscrape.com/catalogue/libertarianism-for-beginners_982/index.html
It's Only the Himalayas,https://books.toscrape.com/catalogue/its-only-the-himalayas_981/index.html
